<?xml version="1.0" encoding="utf-8" ?>
<dwsync>
<file name="2.1 Desktop.jpg" server="C:/xampp/htdocs/" local="131993981646071429" remote="131993981640000000" Dst="2" />
<file name="bg.JPG" server="C:/xampp/htdocs/" local="130632375180000000" remote="130632339180000000" Dst="2" />
<file name="big_image_1.jpg" server="C:/xampp/htdocs/" local="131993495458153345" remote="131993495450000000" Dst="2" />
<file name="def_2.png" server="C:/xampp/htdocs/" local="131993983447633933" remote="131993983440000000" Dst="2" />
<file name="down-small.png" server="C:/xampp/htdocs/" local="130632375180000000" remote="130632339180000000" Dst="2" />
<file name="down.png" server="C:/xampp/htdocs/" local="130632375180000000" remote="130632339180000000" Dst="2" />
<file name="face.jpg" server="C:/xampp/htdocs/" local="130632375180000000" remote="130632339180000000" Dst="2" />
<file name="face36x36.jpg" server="C:/xampp/htdocs/" local="130632375180000000" remote="130632339180000000" Dst="2" />
<file name="face80x80.jpg" server="C:/xampp/htdocs/" local="130632375180000000" remote="130632339180000000" Dst="2" />
<file name="glyphicons-halflings-white.png" server="C:/xampp/htdocs/" local="130632375180000000" remote="130632339180000000" Dst="2" />
<file name="glyphicons-halflings.png" server="C:/xampp/htdocs/" local="130632375180000000" remote="130632339180000000" Dst="2" />
<file name="img_3.jpg" server="C:/xampp/htdocs/" local="131993279549954227" remote="131993279540000000" Dst="2" />
<file name="logo.png" server="C:/xampp/htdocs/" local="130632375180000000" remote="130632339180000000" Dst="2" />
<file name="logo30.png" server="C:/xampp/htdocs/" local="130632375180000000" remote="130632339180000000" Dst="2" />
<file name="person_1.jpg" server="C:/xampp/htdocs/" local="131993213364201723" remote="131993213360000000" Dst="2" />
<file name="person_2.jpg" server="C:/xampp/htdocs/" local="131991709257523872" remote="131991709250000000" Dst="2" />
<file name="person_3.jpg" server="C:/xampp/htdocs/" local="131993471170683634" remote="131993471170000000" Dst="2" />
<file name="person_4.jpg" server="C:/xampp/htdocs/" local="131993296430072458" remote="131993296430000000" Dst="2" />
<file name="person_5.jpg" server="C:/xampp/htdocs/" local="131991710447359185" remote="131991710440000000" Dst="2" />
<file name="person_testimonial_1.jpg" server="C:/xampp/htdocs/" local="131993284683294811" remote="131993284680000000" Dst="2" />
<file name="photo01.jpeg" server="C:/xampp/htdocs/" local="130632375180000000" remote="130632339180000000" Dst="2" />
<file name="photo02.jpg" server="C:/xampp/htdocs/" local="130632375180000000" remote="130632339180000000" Dst="2" />
<file name="photo03.jpg" server="C:/xampp/htdocs/" local="130632375180000000" remote="130632339180000000" Dst="2" />
<file name="photo04.jpg" server="C:/xampp/htdocs/" local="130632375180000000" remote="130632339180000000" Dst="2" />
<file name="sep-half.png" server="C:/xampp/htdocs/" local="130632375180000000" remote="130632339180000000" Dst="2" />
<file name="slide01.png" server="C:/xampp/htdocs/" local="130632375180000000" remote="130632339180000000" Dst="2" />
<file name="slide02.png" server="C:/xampp/htdocs/" local="130632375180000000" remote="130632339180000000" Dst="2" />
<file name="up-small.png" server="C:/xampp/htdocs/" local="130632375180000000" remote="130632339180000000" Dst="2" />
<file name="up.png" server="C:/xampp/htdocs/" local="130632375180000000" remote="130632339180000000" Dst="2" />
<file name="user-avatar.jpg" server="C:/xampp/htdocs/" local="130632375180000000" remote="130632339180000000" Dst="2" />
</dwsync>